code,system
1O1..00,readv2
G234.00,readv2
G58z.00,readv2
G232.00,readv2
4271H,readv2
7824A,readv2
G580100,readv2
G580.11,readv2
G580.00,readv2
402 C,readv2
4270,readv2
4270C,readv2
G580200,readv2
G580300,readv2
4270D,readv2
4270CC,readv2
G58z.12,readv2
Q48y100,readv2
G581.11,readv2
Q490.00,readv2
G58..11,readv2
4270DR,readv2
428 A,readv2
7824FC,readv2
G581000,readv2
G580.14,readv2
G581.13,readv2
G1yz100,readv2
G581.00,readv2
4271A,readv2
G581.12,readv2
G582.00,readv2
G580000,readv2
7824AC,readv2
G580.13,readv2
G580.12,readv2
4270R,readv2
4270LW,readv2
4271,readv2